umidade_solo,temperatura,ph,n,p,k,chuva_prevista,rendimento_estimado,volume_irrigacao
61.7,25.8,5.93,0,1,1,0,129.3,126.0
45.5,23.1,5.8,0,1,1,0,115.9,786.0
67.0,24.3,6.46,1,1,1,0,141.4,20.0
69.3,28.5,6.35,0,1,0,1,118.4,2.0
34.6,26.0,5.36,0,1,1,0,96.3,1335.0
42.4,27.4,6.87,1,1,1,0,118.5,953.0
59.5,28.7,6.14,1,1,1,0,152.4,278.0
54.2,24.5,5.53,1,1,1,0,131.1,481.0
57.8,29.0,6.91,1,1,1,1,139.3,86.0
47.8,27.5,6.58,1,1,1,0,127.3,721.0
68.6,21.1,5.44,1,1,1,0,144.8,19.0
67.3,31.8,7.27,1,1,1,0,130.3,62.0
58.8,24.0,6.6,1,1,1,0,141.7,225.0
71.5,19.4,6.19,1,1,0,0,134.3,0.0
63.6,21.8,7.15,1,0,1,1,143.1,0.0
47.7,21.9,6.3,1,1,1,0,135.4,741.0
62.4,26.2,6.18,1,1,1,0,146.7,111.0
46.5,24.9,5.8,1,1,0,0,124.5,773.0
68.5,24.7,6.55,0,1,1,0,148.1,0.0
57.4,28.5,6.49,0,1,1,0,117.8,316.0
55.8,27.4,6.21,0,1,1,0,124.9,391.0
49.8,27.3,5.73,0,0,1,0,110.1,638.0
72.7,27.6,6.28,0,1,1,0,134.9,21.0
56.1,28.5,6.16,1,1,0,1,128.6,134.0
52.9,17.6,5.4,1,1,1,0,117.0,565.0
53.8,24.5,5.32,1,1,1,0,141.6,470.0
64.4,17.3,6.54,1,1,1,0,130.4,53.0
62.4,26.1,4.64,1,1,0,0,124.3,96.0
63.0,26.0,6.32,1,0,0,0,136.4,49.0
63.2,30.2,5.91,0,1,1,0,130.5,103.0
83.7,30.8,6.98,1,1,1,0,132.1,1.0
53.1,26.8,5.9,0,1,1,1,117.5,154.0
51.9,24.0,6.6,1,1,1,1,133.8,146.0
48.2,27.9,5.96,1,0,0,0,108.9,677.0
65.4,23.9,6.27,1,1,1,1,151.1,43.0
71.5,26.0,6.64,1,1,1,1,140.6,0.0
56.6,29.9,5.92,1,1,1,0,143.1,346.0
47.9,23.8,6.8,1,0,1,0,121.3,741.0
48.1,29.2,5.6,0,1,0,0,105.7,721.0
65.8,28.7,6.38,1,1,1,0,156.8,53.0
66.9,22.2,6.75,1,0,1,0,131.9,0.0
64.5,29.9,6.6,1,1,1,0,139.9,42.0
50.0,28.8,7.35,1,1,0,1,111.5,206.0
60.8,26.4,5.74,1,1,1,0,143.4,201.0
59.4,23.0,5.37,1,1,0,0,125.3,254.0
60.6,22.6,5.6,1,1,1,0,134.6,183.0
68.5,23.8,6.6,1,0,1,0,125.6,13.0
60.7,28.2,6.5,1,1,1,1,140.4,80.0
66.1,22.2,6.26,1,1,1,0,150.1,5.0
58.8,27.8,5.53,1,0,1,0,131.0,276.0
61.5,21.0,6.66,1,0,1,0,137.9,111.0
65.6,25.2,5.47,1,0,1,0,148.2,16.0
40.5,26.4,6.9,1,1,1,0,128.7,1040.0
54.2,35.8,7.91,1,0,1,0,115.4,519.0
52.4,20.5,6.42,1,1,1,0,137.7,561.0
50.3,31.9,6.55,1,1,1,0,139.8,630.0
54.7,26.6,5.9,1,1,1,0,151.4,485.0
75.9,27.6,5.11,1,0,0,0,127.0,18.0
47.6,26.5,5.84,0,0,0,0,104.7,749.0
69.6,27.8,5.54,1,1,1,0,143.7,10.0
37.8,25.4,5.33,0,1,1,0,106.7,1104.0
54.0,31.8,7.23,1,1,1,0,124.8,506.0
60.0,24.2,6.36,1,1,1,0,148.6,218.0
65.0,30.5,6.43,1,1,0,0,130.2,55.0
66.5,23.4,6.01,1,1,1,0,147.0,0.0
67.5,25.8,6.1,0,1,1,1,124.7,0.0
53.8,21.7,6.78,1,0,1,0,133.9,432.0
52.5,27.8,6.18,1,1,1,0,138.1,596.0
68.3,31.8,6.52,1,0,0,0,125.9,20.0
55.7,25.7,6.08,1,1,1,0,151.9,431.0
42.7,25.2,5.99,1,1,1,0,131.9,915.0
44.4,21.5,5.36,0,1,1,0,117.2,861.0
47.0,25.1,5.01,1,1,0,0,106.6,772.0
64.0,19.6,6.04,0,1,1,0,144.4,21.0
59.7,22.3,6.23,1,1,0,0,139.0,262.0
66.3,26.9,5.43,1,1,0,0,135.2,15.0
52.9,31.3,6.18,1,1,1,0,144.1,564.0
59.9,37.2,6.23,0,1,0,1,103.7,83.0
65.5,23.7,4.91,1,1,1,0,136.9,16.0
54.3,31.7,5.65,1,1,1,1,140.2,188.0
63.5,27.0,6.44,1,1,1,0,137.1,74.0
50.1,25.4,6.43,1,1,1,0,140.2,672.0
53.6,27.7,5.51,1,1,1,0,137.7,482.0
53.4,26.2,6.3,1,1,1,0,153.2,515.0
43.6,26.4,6.81,1,1,1,0,118.3,921.0
63.8,24.4,6.67,1,0,1,0,146.4,24.0
52.4,20.4,6.14,1,1,1,0,131.0,535.0
58.1,19.8,5.92,0,1,1,0,121.1,290.0
63.8,28.6,5.82,1,1,1,1,138.0,1.0
63.4,24.9,6.48,0,1,0,0,117.2,76.0
66.0,23.6,6.32,0,1,0,0,127.5,4.0
56.8,26.0,6.58,1,0,1,0,126.5,350.0
52.9,29.2,6.28,1,1,1,0,142.0,536.0
57.0,26.7,6.69,1,1,1,1,136.6,102.0
37.8,23.4,6.26,1,1,1,0,117.6,1133.0
40.6,30.9,6.67,1,1,1,0,117.8,1070.0
42.1,32.3,6.72,1,1,1,0,122.2,997.0
46.0,28.0,5.72,1,1,1,0,127.5,885.0
62.8,29.9,5.12,1,1,1,0,136.8,91.0
47.1,31.0,7.13,0,0,1,1,104.7,224.0
53.5,30.5,6.35,1,1,1,0,142.4,509.0
73.6,28.5,5.17,1,0,0,0,118.9,76.0
53.7,28.4,5.77,0,1,1,0,116.8,465.0
66.9,28.1,6.66,1,0,1,0,137.8,32.0
46.8,21.6,6.03,1,1,1,1,132.6,236.0
55.5,28.8,5.89,0,1,1,0,116.5,434.0
46.6,20.6,7.04,1,0,1,0,108.1,804.0
53.9,22.8,5.57,1,1,1,0,129.2,497.0
68.1,31.2,5.72,1,0,1,0,132.2,32.0
37.3,29.4,6.33,0,1,1,0,105.3,1199.0
63.2,31.9,6.43,1,1,1,0,146.5,77.0
60.9,24.9,6.5,1,1,1,1,135.7,54.0
50.9,21.4,6.75,1,1,1,0,120.4,572.0
40.6,25.0,6.32,1,0,1,0,117.8,1020.0
58.9,26.4,6.49,1,0,0,0,123.4,224.0
51.6,26.3,6.04,1,1,1,0,130.4,582.0
60.8,30.5,6.24,0,1,1,0,126.8,172.0
58.3,24.6,6.26,1,1,0,0,131.3,285.0
77.2,27.4,6.33,1,1,1,0,147.8,0.0
55.1,22.0,6.66,1,1,1,1,136.1,103.0
45.7,27.8,6.53,1,1,1,0,126.5,859.0
60.2,26.0,6.23,1,1,1,0,157.3,223.0
60.6,23.0,5.71,1,0,1,0,135.0,214.0
74.3,25.1,6.24,1,1,0,0,135.7,40.0
68.0,25.3,6.18,1,1,0,0,141.5,0.0
62.3,24.9,6.32,1,1,1,0,148.9,151.0
75.6,33.1,7.52,1,0,1,0,130.9,20.0
43.7,25.6,5.89,1,1,1,0,127.0,917.0
50.3,25.0,6.45,0,1,1,1,127.9,173.0
46.9,17.6,6.84,1,1,1,0,121.1,737.0
53.3,22.4,6.26,0,0,1,0,124.6,507.0
41.5,24.9,7.6,0,1,1,0,112.7,1011.0
65.6,23.3,5.97,1,1,1,0,148.9,23.0
55.3,31.5,6.39,0,1,1,0,121.4,458.0
40.4,25.3,5.72,1,1,1,0,128.7,1039.0
45.8,31.2,5.99,1,1,1,0,126.5,863.0
61.8,26.2,6.35,1,1,0,0,147.6,150.0
68.1,26.1,6.71,1,1,1,0,148.8,21.0
82.0,25.6,6.39,1,1,1,1,147.2,6.0
93.0,26.0,6.96,1,1,1,0,135.6,28.0
63.0,32.9,6.14,1,1,1,0,135.1,99.0
46.1,16.7,6.0,1,1,0,0,115.4,791.0
32.4,18.0,7.82,1,1,0,0,83.6,1335.0
61.2,23.8,6.44,1,1,1,0,151.4,167.0
48.2,26.1,5.77,1,1,1,0,126.1,754.0
53.0,28.8,5.78,1,1,1,0,135.8,519.0
50.7,27.9,5.63,1,1,1,0,139.6,624.0
56.3,24.5,6.76,1,0,1,0,116.4,384.0
70.8,30.1,5.98,1,1,1,0,158.2,0.0
59.9,30.1,6.28,1,1,1,0,140.2,237.0
56.1,26.7,6.16,0,1,1,0,131.6,395.0
45.6,29.9,6.64,1,1,1,0,130.3,777.0
37.9,27.1,5.69,1,1,1,0,127.1,1128.0
52.2,23.8,5.55,1,1,1,0,134.6,565.0
57.4,28.8,6.33,0,0,1,0,125.6,371.0
79.2,26.4,6.56,1,1,1,0,152.4,19.0
59.6,26.0,6.4,1,1,1,0,156.9,256.0
69.8,31.9,5.71,1,1,1,0,144.6,54.0
52.0,16.2,6.61,1,1,1,0,137.6,560.0
43.8,20.3,5.75,1,0,0,1,108.4,259.0
46.4,21.3,5.89,1,1,0,0,106.0,784.0
49.3,24.5,5.63,1,1,1,1,147.6,182.0
83.5,25.0,6.98,1,1,1,0,139.2,32.0
48.1,20.0,6.58,1,1,1,0,136.1,748.0
68.1,22.1,6.56,1,1,1,0,145.2,34.0
47.2,22.6,6.95,0,1,1,0,119.5,737.0
69.2,35.8,7.89,1,0,1,0,112.9,52.0
62.6,33.2,5.17,1,1,1,1,136.7,79.0
56.1,24.4,5.76,1,1,1,0,137.6,387.0
57.5,24.5,5.83,0,0,1,0,128.6,323.0
50.1,21.4,5.69,1,0,1,0,123.1,610.0
63.4,18.4,5.55,0,1,1,0,129.2,78.0
52.5,25.5,6.02,1,1,1,0,126.5,501.0
43.3,22.0,5.47,1,1,1,0,121.6,927.0
42.7,25.7,6.4,1,1,1,0,133.2,976.0
60.1,19.6,6.23,1,0,1,1,133.0,103.0
76.9,23.0,6.49,0,1,1,1,139.6,18.0
59.9,26.6,6.5,0,1,1,0,129.8,191.0
56.6,27.5,6.56,1,0,0,0,120.7,375.0
61.4,27.7,5.98,0,1,1,1,139.8,105.0
73.7,20.7,7.47,1,1,1,0,121.5,0.0
60.6,29.4,6.34,1,1,1,0,147.2,214.0
53.1,22.8,5.08,1,1,0,0,115.4,535.0
71.3,28.5,5.6,1,0,1,1,130.1,23.0
63.1,26.0,5.16,0,1,0,1,119.9,88.0
76.4,20.5,6.21,1,1,1,0,153.7,0.0
60.2,24.7,6.13,1,1,1,0,152.7,177.0
43.3,27.5,5.92,1,0,1,0,119.3,960.0
41.6,28.5,7.41,1,1,1,0,123.3,977.0
77.8,25.4,6.53,1,0,1,1,145.5,0.0
78.7,32.1,6.64,1,0,1,0,132.2,48.0
55.8,30.0,5.64,1,1,1,0,130.7,447.0
53.4,25.0,5.6,1,0,0,0,112.1,503.0
75.5,29.0,6.22,1,1,1,0,154.2,39.0
44.7,33.7,6.3,1,1,1,1,124.3,264.0
47.3,33.8,5.09,1,1,1,0,111.4,835.0
65.7,21.1,6.09,1,0,0,1,116.0,101.0
53.3,22.3,6.21,0,0,0,0,109.9,509.0
57.9,31.9,6.07,1,1,1,0,135.1,349.0
56.0,21.8,5.71,0,0,0,0,104.4,346.0
62.1,20.7,5.88,1,1,0,0,137.6,106.0
74.9,24.1,6.09,1,0,0,0,121.9,0.0
59.1,27.7,6.25,1,0,0,0,124.9,253.0
65.7,25.6,6.56,1,1,1,0,148.3,4.0
33.4,23.4,6.85,0,1,1,0,104.9,1372.0
57.4,23.3,6.02,1,1,1,0,148.7,350.0
47.9,23.2,5.93,1,0,1,0,114.8,714.0
43.4,22.5,6.46,1,1,1,0,130.4,877.0
47.5,35.1,6.57,1,1,1,0,129.2,839.0
54.0,27.2,5.94,1,1,0,0,127.2,476.0
69.0,29.5,6.67,1,1,1,0,143.7,0.0
42.1,24.0,6.79,1,1,0,0,116.2,980.0
58.4,25.3,6.98,1,1,1,0,141.3,305.0
52.2,23.1,7.27,1,0,1,1,122.9,101.0
54.1,15.4,5.68,1,1,1,0,129.2,437.0
70.0,20.5,6.21,1,0,1,0,131.4,0.0
64.5,18.8,6.21,1,1,1,1,149.8,25.0
74.0,17.0,6.14,1,0,1,0,139.7,0.0
56.1,21.2,5.81,1,1,1,1,136.8,91.0
49.6,31.3,5.31,1,1,1,0,115.8,709.0
55.3,25.8,6.26,1,1,1,1,142.8,112.0
60.9,31.2,5.74,1,1,0,1,129.1,78.0
60.1,27.6,6.25,1,1,1,1,139.4,39.0
45.0,29.1,5.72,1,0,1,0,115.8,835.0
59.1,22.4,5.54,0,1,1,0,116.0,267.0
60.7,28.1,6.34,1,1,0,1,138.0,67.0
88.2,28.9,6.29,1,1,1,0,144.8,50.0
80.5,23.7,6.55,1,1,1,0,136.9,0.0
47.8,28.2,7.51,1,1,1,1,125.2,204.0
54.6,28.3,6.37,0,1,1,0,126.0,494.0
40.4,23.8,6.49,1,1,1,0,128.7,995.0
50.9,21.5,5.55,1,0,1,0,117.7,623.0
61.8,21.3,5.43,0,1,1,0,119.7,167.0
72.5,26.3,7.15,1,1,1,0,139.5,31.0
49.3,27.3,5.65,1,1,1,0,129.1,658.0
50.2,22.8,5.57,1,1,0,0,119.3,601.0
32.2,26.1,6.18,1,1,1,1,124.1,410.0
56.0,28.3,6.15,1,0,1,0,131.5,369.0
45.3,28.5,5.66,1,1,1,0,124.9,828.0
51.6,32.2,6.02,0,1,1,0,116.8,629.0
47.5,31.1,6.94,0,0,1,1,117.5,250.0
56.9,22.0,5.72,1,1,1,1,132.0,76.0
36.9,32.7,5.36,1,0,1,0,99.8,1251.0
40.4,23.9,6.77,1,1,1,0,143.0,1045.0
83.6,30.2,6.5,1,1,1,0,145.6,74.0
42.6,26.3,5.83,1,0,1,0,111.9,964.0
44.8,24.4,5.25,1,0,0,0,109.4,875.0
80.0,18.8,5.75,1,0,1,0,125.8,12.0
92.9,25.3,6.17,1,1,1,0,149.6,27.0
43.9,19.8,6.9,1,0,1,0,110.0,854.0
53.6,29.9,5.58,1,1,1,0,129.8,510.0
62.1,32.1,6.15,1,1,0,1,141.3,50.0
78.7,22.8,6.61,0,1,1,0,135.9,0.0
46.2,27.2,4.77,1,1,1,0,127.6,816.0
55.1,23.1,6.82,0,1,1,0,124.6,432.0
67.3,23.5,5.49,1,1,1,1,140.9,10.0
63.2,29.1,6.4,0,1,0,0,125.5,100.0
53.5,25.8,6.35,1,0,1,0,139.3,470.0
56.4,33.0,6.85,1,0,1,0,122.8,445.0
41.5,24.1,6.53,0,1,1,0,124.4,996.0
55.1,30.0,4.77,1,0,1,1,122.5,110.0
54.8,26.4,5.73,1,1,1,0,140.4,433.0
60.8,29.2,6.28,1,1,1,0,146.2,162.0
51.3,24.2,6.08,1,0,1,0,129.3,576.0
63.7,25.8,6.49,1,1,1,0,141.5,55.0
70.2,25.5,6.67,1,1,1,0,147.6,0.0
59.9,22.7,6.57,0,1,1,0,129.4,254.0
62.2,28.6,6.07,1,1,0,0,132.7,114.0
58.6,28.6,5.09,1,0,1,0,127.2,312.0
58.0,28.4,5.93,1,1,1,1,141.5,150.0
49.3,32.1,6.45,0,1,1,1,120.9,240.0
61.8,31.8,5.55,1,1,0,1,130.3,54.0
56.8,24.5,6.58,1,1,1,0,141.4,316.0
83.1,27.5,6.75,1,1,1,0,136.2,0.0
76.9,23.5,6.28,1,0,1,0,151.0,0.0
62.6,26.1,4.36,1,1,1,1,133.3,15.0
48.8,23.6,5.43,1,0,1,0,119.1,662.0
44.7,32.5,7.33,1,1,1,0,114.7,897.0
72.3,27.5,5.87,1,0,1,0,136.3,15.0
61.2,25.1,5.01,1,1,0,0,136.1,172.0
63.8,30.8,6.94,1,1,1,1,147.8,0.0
37.1,17.3,6.21,1,1,1,0,120.0,1155.0
69.1,17.9,6.86,1,1,1,0,136.7,0.0
63.5,29.2,6.37,1,0,0,0,130.0,88.0
44.7,26.2,6.48,1,1,0,0,121.4,907.0
52.3,27.0,6.42,1,0,1,0,128.2,553.0
61.2,20.7,6.62,1,1,1,1,141.5,8.0
58.6,25.9,7.57,1,1,1,0,132.1,286.0
54.5,34.0,6.78,1,1,0,0,119.2,518.0
56.8,29.3,5.25,1,1,1,0,134.3,371.0
55.0,26.7,6.47,1,1,1,0,144.3,402.0
59.8,24.2,6.88,1,1,1,0,136.3,262.0
75.7,24.4,6.92,1,0,0,0,128.9,0.0
27.2,17.5,5.94,1,1,0,1,90.0,493.0
55.2,27.0,6.9,1,1,0,0,122.2,431.0
60.1,29.4,6.76,1,1,1,0,136.3,252.0
61.6,19.7,7.74,1,1,1,0,122.1,185.0
53.5,23.4,5.75,1,1,0,0,130.6,497.0
36.9,21.4,5.9,1,1,1,0,113.7,1166.0
61.9,22.1,6.02,0,1,1,1,126.7,67.0
78.7,26.2,5.91,1,1,0,0,146.7,0.0
39.6,17.7,5.67,0,1,1,1,99.0,324.0
68.4,28.5,4.54,1,1,1,0,133.9,0.0
54.1,29.0,5.94,1,1,1,0,131.2,460.0
57.3,25.0,6.42,1,1,1,0,147.9,325.0
45.4,16.1,5.9,1,1,1,0,125.9,832.0
54.0,22.0,7.36,0,1,1,1,119.3,96.0
73.6,30.9,6.21,1,0,1,0,141.3,54.0
65.0,14.9,6.97,0,1,0,0,109.2,0.0
78.8,24.6,6.36,1,1,1,0,146.7,32.0
72.1,21.3,6.7,0,1,1,1,125.0,0.0
63.3,29.2,6.37,0,1,1,0,140.8,73.0
78.9,23.3,7.02,1,1,1,0,147.0,2.0
63.3,27.6,6.23,1,0,1,0,136.1,67.0
67.9,28.3,6.5,1,0,1,1,138.8,39.0
54.4,33.3,6.42,1,1,1,0,130.9,503.0
58.8,25.2,6.03,0,1,1,0,125.2,258.0
49.6,27.5,6.44,1,1,1,1,136.2,214.0
69.9,20.1,7.54,1,1,0,0,120.4,0.0
43.9,30.8,6.04,1,1,1,0,121.1,895.0
67.4,23.0,6.45,1,1,1,0,138.3,10.0
55.7,23.8,6.95,0,1,0,0,101.9,363.0
72.1,25.9,6.88,1,1,1,0,144.5,0.0
67.0,19.7,6.21,1,1,1,0,144.8,21.0
79.8,26.9,4.77,0,1,1,0,120.8,26.0
66.8,29.9,6.51,1,1,1,0,149.4,3.0
39.1,27.2,4.87,1,1,1,0,115.9,1088.0
57.2,19.6,7.08,1,1,1,0,133.8,305.0
43.9,25.5,6.3,1,1,1,1,131.4,311.0
51.8,29.0,6.8,1,0,1,0,118.4,605.0
76.1,18.5,5.66,0,1,1,0,126.8,0.0
65.7,21.7,5.27,1,1,1,0,131.9,14.0
49.6,29.5,6.36,0,1,1,0,123.7,644.0
45.8,27.1,6.18,0,1,1,0,115.6,804.0
58.4,27.6,5.91,0,1,1,0,135.0,298.0
43.4,33.4,6.25,1,0,1,1,113.2,301.0
49.9,27.9,7.86,1,1,1,0,128.6,652.0
61.7,28.6,6.7,1,0,1,0,126.7,170.0
71.9,36.8,6.83,1,1,0,0,119.3,85.0
65.3,25.1,6.71,1,1,1,0,149.6,0.0
30.5,22.8,7.09,1,1,1,0,117.1,1442.0
61.7,27.7,6.09,1,1,1,0,157.0,147.0
58.9,27.8,4.97,1,1,1,1,134.5,89.0
63.0,23.9,6.09,1,1,1,0,158.7,94.0
77.4,21.9,6.69,1,1,1,0,141.9,5.0
33.2,35.2,5.62,1,1,1,0,114.7,1378.0
50.9,27.3,6.09,1,1,0,0,121.1,583.0
65.1,23.1,5.78,1,1,1,1,148.3,10.0
39.0,29.7,7.1,0,1,1,0,90.0,1162.0
75.7,25.6,6.65,0,1,1,0,128.7,8.0
62.4,25.0,6.59,1,1,1,0,148.8,99.0
68.2,28.2,6.57,1,1,1,0,139.2,28.0
51.1,20.8,6.18,1,1,1,0,136.6,555.0
67.8,27.4,6.32,1,1,0,0,144.7,50.0
70.8,33.7,5.49,1,1,1,0,134.4,66.0
60.8,27.9,4.89,1,1,0,0,118.3,180.0
60.8,24.5,6.29,0,1,0,0,119.8,172.0
61.2,24.0,6.39,0,1,0,0,115.7,146.0
47.6,24.4,6.93,0,1,1,0,115.2,764.0
56.2,25.0,7.14,1,1,1,0,136.0,365.0
56.2,24.5,7.14,1,0,1,0,124.0,373.0
62.6,29.7,5.6,0,0,1,0,129.0,148.0
70.0,19.1,5.99,1,1,1,1,138.5,0.0
45.3,29.4,6.49,1,1,1,0,136.9,863.0
56.5,24.5,7.72,1,1,1,0,123.6,364.0
75.8,27.5,7.09,1,0,0,0,123.6,0.0
49.1,21.5,6.87,1,1,1,0,134.4,674.0
48.1,31.3,5.97,1,1,0,1,125.1,225.0
60.4,31.0,5.67,1,1,1,0,135.6,238.0
68.1,29.8,6.67,1,1,1,0,147.5,34.0
58.1,19.9,5.54,1,1,0,1,125.1,93.0
73.9,29.3,6.06,1,0,0,1,124.5,42.0
68.3,27.6,6.13,1,0,1,1,145.1,0.0
68.1,19.6,7.16,0,1,0,0,123.9,0.0
64.6,25.9,5.99,1,1,1,0,153.5,40.0
85.9,27.5,4.74,1,1,0,0,126.9,30.0
55.5,28.2,6.5,1,1,1,0,143.1,433.0
34.0,26.7,5.78,1,1,1,0,111.7,1383.0
77.3,27.2,6.23,0,1,1,0,141.1,31.0
52.5,31.9,6.15,1,0,1,0,119.1,602.0
59.3,30.9,6.04,1,0,1,0,128.0,273.0
73.7,14.5,6.67,1,1,1,0,147.9,0.0
38.8,24.7,5.28,1,1,1,0,118.1,1093.0
43.0,25.3,5.89,0,1,0,0,101.1,944.0
38.8,19.0,6.61,1,1,1,0,124.2,1111.0
48.5,26.4,5.83,0,1,1,0,115.7,713.0
63.3,31.0,5.23,0,1,1,0,121.1,108.0
64.3,21.7,6.6,1,1,1,0,151.1,20.0
61.3,27.3,6.87,1,0,1,0,133.3,167.0
41.0,22.3,6.17,1,1,1,0,117.3,1026.0
30.3,23.3,5.02,1,1,1,0,111.2,1478.0
58.7,31.9,6.62,1,1,1,0,134.1,288.0
52.3,23.8,5.2,1,0,1,0,130.2,552.0
63.5,27.8,6.39,1,1,1,0,144.1,66.0
66.4,18.5,5.67,1,1,0,1,134.5,12.0
59.7,33.4,5.5,1,1,1,0,143.7,277.0
67.1,28.4,5.93,1,1,1,0,142.6,63.0
60.8,25.3,6.09,1,0,1,1,137.2,43.0
64.4,28.3,5.81,0,1,1,1,135.5,19.0
49.5,20.4,6.55,1,0,1,0,115.0,666.0
55.8,30.7,5.93,1,1,1,0,138.3,404.0
60.4,24.7,6.79,1,1,0,1,129.6,56.0
67.8,25.2,6.37,1,1,1,0,149.0,0.0
53.3,24.0,5.78,1,1,1,0,136.6,479.0
64.3,23.7,5.68,1,1,1,0,145.4,18.0
54.8,28.8,5.21,0,1,1,0,119.5,483.0
56.6,27.0,6.37,0,1,1,0,126.1,352.0
68.0,28.6,5.99,0,0,1,0,122.7,39.0
34.1,26.0,4.78,1,0,0,0,91.7,1313.0
42.4,28.1,5.88,1,1,1,0,127.0,936.0
40.2,24.3,5.66,1,1,1,0,121.1,1055.0
30.0,34.9,7.15,0,0,1,1,82.2,426.0
49.9,19.7,5.18,1,1,1,0,111.8,650.0
67.0,31.0,5.34,1,0,0,1,114.9,0.0
54.6,31.5,6.87,1,1,0,1,118.3,145.0
60.4,22.6,7.01,1,1,0,0,121.4,161.0
71.1,34.9,5.75,1,1,1,0,148.0,72.0
73.9,30.0,5.82,1,1,1,0,144.9,58.0
57.2,29.9,6.57,1,1,1,1,139.0,88.0
74.2,26.1,4.8,1,1,1,0,137.4,0.0
59.1,25.1,5.08,1,0,1,0,127.4,260.0
48.0,25.2,6.03,0,0,1,1,105.9,227.0
50.9,27.6,7.13,1,1,1,0,129.0,550.0
40.2,31.6,5.94,1,1,0,1,105.0,377.0
47.3,26.7,6.26,0,1,1,0,121.0,769.0
53.7,22.4,6.88,1,1,0,0,106.0,492.0
67.6,29.3,7.46,1,1,1,0,130.9,27.0
78.6,29.7,5.85,1,0,1,0,145.2,0.0
41.4,28.6,6.19,0,1,1,0,120.5,1033.0
62.7,29.0,7.29,1,1,1,1,145.4,23.0
45.5,24.9,5.29,1,1,1,0,134.3,833.0
63.7,22.3,6.82,1,1,1,0,145.8,49.0
56.4,22.5,5.59,1,1,1,1,132.9,114.0
36.0,19.5,6.26,1,1,0,0,101.3,1199.0
69.1,26.9,6.05,1,1,1,0,157.5,35.0
50.7,25.7,5.63,1,1,1,1,135.0,152.0
51.6,24.2,5.61,0,1,1,0,135.4,619.0
45.2,14.2,6.37,1,1,1,0,117.3,888.0
50.1,21.0,6.8,1,1,1,0,140.0,667.0
63.1,30.5,6.12,0,1,1,0,131.2,150.0
55.7,23.3,6.24,1,1,1,0,149.0,388.0
61.9,27.4,6.54,0,0,1,0,133.7,176.0
62.3,20.4,5.62,0,1,1,0,119.5,111.0
73.8,31.8,6.64,0,1,1,0,126.2,9.0
53.9,25.4,6.69,1,1,0,0,120.7,507.0
40.3,27.2,7.76,1,1,1,0,107.9,1081.0
70.8,35.3,5.97,1,1,1,0,143.8,71.0
54.0,32.1,5.93,1,1,1,0,132.2,481.0
71.4,24.8,6.66,1,1,1,0,147.7,0.0
62.6,23.6,6.69,1,1,1,1,146.9,0.0
56.4,24.7,5.88,0,1,1,0,116.7,385.0
62.2,28.0,5.96,1,1,1,0,153.6,99.0
81.4,25.6,6.52,1,0,1,0,137.7,11.0
82.9,24.4,5.7,1,1,1,0,148.0,0.0
58.8,31.9,5.95,1,1,0,1,130.8,57.0
59.9,25.5,6.25,1,1,1,0,155.6,224.0
70.9,35.2,6.8,1,1,1,0,135.9,63.0
47.9,26.4,5.84,0,1,0,0,97.1,749.0
62.0,33.1,5.09,1,1,0,0,121.1,151.0
57.7,27.4,5.05,1,1,1,0,135.6,304.0
61.8,29.9,5.44,1,1,0,1,121.4,0.0
48.0,23.1,5.41,1,1,1,0,128.0,659.0
38.9,22.6,6.11,1,1,1,0,122.5,1141.0
33.1,27.8,5.49,1,1,0,0,96.7,1411.0
44.6,30.0,5.78,1,1,1,0,130.1,894.0
52.5,26.2,5.74,1,1,1,0,134.0,513.0
54.5,20.9,5.94,1,0,1,0,123.7,434.0
81.2,20.6,6.99,1,1,1,0,135.9,22.0
71.3,20.3,6.6,1,1,1,0,150.0,0.0
46.5,18.9,6.21,0,1,0,1,103.5,239.0
62.2,26.4,5.92,1,1,1,0,148.0,127.0
53.1,30.5,5.94,0,0,1,1,109.9,147.0
54.6,25.9,6.4,1,1,1,0,144.5,430.0
60.2,17.0,6.55,1,1,1,0,142.8,209.0
65.4,25.2,5.66,1,1,1,1,151.1,0.0
53.9,25.3,6.22,1,0,0,0,126.1,480.0
70.8,34.4,4.98,0,1,1,0,122.6,54.0
44.3,20.2,6.33,1,1,1,0,118.0,873.0
58.1,24.4,6.66,0,1,1,0,122.5,324.0
89.2,32.8,6.03,0,1,1,1,123.6,12.0
60.7,27.8,7.29,1,1,1,0,132.8,223.0
75.2,28.3,5.67,1,1,1,1,139.1,0.0
59.1,26.5,6.33,1,1,1,0,134.7,247.0
65.0,27.3,6.18,1,1,1,0,143.2,17.0
57.3,29.1,6.14,1,1,0,0,129.3,400.0
56.0,22.8,6.13,1,1,1,1,140.0,64.0
48.6,29.5,6.26,0,1,1,0,115.7,718.0
63.2,20.5,6.71,1,1,1,1,140.7,59.0
47.8,27.3,7.03,1,1,1,0,125.9,719.0
66.0,26.7,6.2,1,0,0,0,138.7,7.0
71.0,23.5,6.69,1,1,1,0,144.6,8.0
62.4,25.9,5.78,0,1,1,0,137.9,120.0
54.6,23.5,6.66,1,0,1,1,128.7,170.0
63.4,21.7,5.74,0,1,0,0,109.8,78.0
54.3,24.6,6.85,0,1,1,0,122.3,483.0
69.2,21.6,7.53,0,1,1,0,115.3,0.0
36.0,27.3,6.13,1,1,1,0,124.1,1216.0
54.0,21.4,4.88,0,1,1,0,108.2,456.0
34.1,28.8,5.87,1,1,0,1,110.2,368.0
40.1,21.3,6.94,1,1,1,0,110.2,1058.0
74.4,23.7,6.53,1,0,1,0,138.4,0.0
68.7,23.5,6.35,1,1,1,0,152.1,0.0
49.4,31.3,6.81,1,1,0,0,121.6,712.0
40.0,27.3,6.49,1,0,1,0,112.7,1038.0
25.0,25.2,6.93,1,1,1,0,109.6,1701.0
51.5,28.0,6.75,0,0,0,0,101.6,576.0
87.0,17.6,7.11,1,1,1,0,139.8,29.0
63.2,25.8,6.42,1,1,0,1,129.3,15.0
51.3,34.0,6.74,1,1,1,1,120.7,207.0
63.6,26.5,6.02,1,1,1,1,166.3,25.0
39.3,26.3,5.84,1,0,1,0,115.6,1107.0
54.4,28.2,7.22,1,0,1,0,111.3,470.0
59.2,29.6,6.33,1,0,1,0,129.8,234.0
57.0,18.0,6.68,0,1,1,0,102.3,361.0
67.5,19.3,6.27,0,1,0,0,121.8,0.0
62.1,26.8,5.85,1,1,1,0,151.1,154.0
66.0,23.1,6.21,1,0,1,1,135.0,17.0
49.7,31.2,7.06,1,1,1,1,122.4,186.0
68.8,24.7,6.53,1,0,1,0,145.0,0.0
77.5,18.3,5.17,0,1,1,0,111.0,16.0
46.4,20.9,6.07,1,1,1,0,121.0,774.0
47.3,15.0,7.27,0,1,1,0,99.9,767.0
74.0,25.1,6.07,1,1,1,1,146.2,0.0
55.7,25.2,5.12,1,1,1,1,132.2,143.0
74.8,24.3,7.34,0,0,1,0,111.1,11.0
52.7,30.3,6.61,0,1,0,0,110.4,561.0
75.5,30.8,6.16,0,1,1,0,133.0,31.0
59.6,25.3,5.98,0,1,1,0,135.6,235.0
61.1,17.5,6.85,1,1,1,0,134.6,194.0
76.8,28.5,5.87,1,1,1,0,148.3,23.0
53.7,28.2,6.89,1,0,1,0,116.3,510.0
46.7,27.2,6.53,1,0,0,0,115.1,785.0
52.6,29.9,6.35,1,1,0,0,122.8,558.0
63.4,21.3,6.29,0,1,1,0,131.1,110.0
39.2,34.0,6.1,1,1,1,0,125.6,1177.0
65.6,22.2,6.83,1,0,1,1,129.5,2.0
51.5,29.0,5.68,1,1,1,0,140.7,600.0
71.8,19.3,5.23,1,1,1,0,144.9,0.0
29.3,22.3,6.57,1,0,1,0,108.6,1495.0
48.6,32.1,6.58,1,0,1,0,112.6,746.0
37.8,25.0,6.49,1,1,1,0,111.6,1164.0
48.1,29.4,6.44,1,1,1,0,138.0,759.0
61.0,26.9,6.01,0,1,1,0,134.3,154.0
55.8,25.6,6.67,1,1,1,1,135.5,142.0
55.0,31.5,6.17,1,1,1,0,144.2,463.0
56.1,25.1,5.91,1,1,1,0,136.1,350.0
60.4,18.9,6.01,1,1,0,1,125.1,91.0
45.9,22.8,7.41,1,1,1,0,124.2,839.0
66.5,28.2,5.16,0,1,1,0,121.3,29.0
66.0,27.6,6.5,1,1,1,1,147.7,23.0
62.6,19.7,5.19,1,0,1,0,131.7,120.0
64.7,23.1,6.14,1,1,1,0,150.0,47.0
61.6,23.7,5.94,0,0,1,0,130.3,161.0
82.4,24.5,4.95,1,1,1,0,145.3,0.0
57.0,20.5,6.43,1,1,1,1,137.2,151.0
54.3,23.5,5.97,0,0,1,0,102.3,476.0
49.0,23.1,4.94,1,1,1,0,117.1,659.0
45.6,29.1,6.7,1,1,1,0,131.9,818.0
43.1,29.2,7.06,1,1,1,0,112.4,962.0
47.3,25.4,7.09,1,1,1,0,126.4,739.0
57.2,24.4,6.42,0,1,1,0,131.1,336.0
62.0,26.6,6.23,1,1,1,1,158.1,60.0
58.6,22.7,7.0,1,1,1,0,132.6,255.0
48.8,21.4,7.21,1,1,1,0,119.9,652.0
68.8,22.2,6.88,1,1,1,0,142.0,10.0
66.9,23.5,5.64,0,1,1,0,134.1,0.0
56.1,21.3,6.32,1,1,1,0,137.3,377.0
50.2,26.6,6.46,0,1,1,0,129.9,599.0
64.6,28.9,5.11,1,1,1,0,134.6,38.0
60.3,19.7,6.48,1,1,1,0,139.4,215.0
40.6,26.1,7.56,1,1,1,1,121.4,325.0
57.2,25.1,6.58,0,1,1,0,126.1,309.0
61.1,27.4,7.08,1,1,1,0,144.9,151.0
47.2,25.9,6.31,1,1,1,0,136.8,754.0
60.3,20.2,6.16,1,0,1,0,137.2,211.0
40.5,21.0,6.43,1,0,1,0,115.0,1039.0
74.0,26.1,5.71,1,1,1,0,150.7,0.0
73.0,30.1,5.62,1,1,1,1,139.1,18.0
55.0,17.1,6.96,0,1,1,0,109.7,458.0
62.4,27.4,7.02,1,0,0,0,128.9,131.0
29.1,30.8,5.61,1,0,1,1,104.4,424.0
44.1,25.4,6.78,1,1,1,0,122.1,886.0
54.5,28.2,6.15,1,1,1,0,141.5,514.0
45.1,23.2,6.4,1,1,1,0,115.7,804.0
66.6,25.5,6.48,1,0,1,0,137.4,4.0
82.0,19.5,6.8,1,0,0,0,124.4,0.0
43.9,16.6,6.25,1,1,1,1,121.5,268.0
48.0,29.8,7.05,0,1,1,0,113.2,752.0
60.8,22.1,6.39,1,1,1,0,124.7,205.0
77.3,24.2,6.57,1,1,1,0,145.2,2.0
43.3,20.5,5.7,0,0,1,1,102.4,305.0
61.0,20.4,7.5,0,1,1,0,120.8,165.0
79.9,25.3,6.48,1,1,1,1,155.4,0.0
38.2,23.1,6.63,1,1,1,0,120.3,1109.0
42.6,27.5,5.24,1,1,1,0,121.4,913.0
52.9,27.8,5.71,1,0,1,1,118.5,165.0
51.8,27.3,6.94,1,1,0,0,120.7,622.0
67.8,27.0,6.37,1,0,1,0,133.7,25.0
60.9,32.3,5.05,1,1,0,1,109.3,84.0
36.7,21.7,6.82,1,1,1,0,110.3,1178.0
64.2,25.8,5.87,1,1,0,0,147.1,33.0
51.1,30.5,7.05,1,1,1,0,125.8,647.0
73.3,31.1,6.15,1,1,1,0,147.7,93.0
50.5,20.3,6.32,1,1,1,0,128.9,646.0
50.4,24.8,6.91,0,1,0,0,97.3,633.0
64.5,31.4,5.66,1,1,1,0,146.8,67.0
67.2,28.0,5.6,1,1,1,1,132.2,12.0
63.4,26.8,6.08,1,1,1,0,146.2,61.0
37.8,25.1,6.7,1,0,1,0,113.6,1107.0
64.5,24.5,5.4,1,0,0,0,124.9,0.0
45.6,27.2,5.2,1,1,1,1,120.7,250.0
60.8,25.0,6.69,1,1,1,0,132.6,169.0
40.9,25.8,5.84,1,1,1,1,123.0,269.0
63.4,26.3,5.96,1,0,1,0,135.5,75.0
48.3,23.3,5.09,1,1,1,0,120.1,693.0
42.6,28.1,5.79,1,1,1,1,132.5,259.0
66.6,37.7,6.2,0,1,1,1,118.7,17.0
60.9,18.9,6.76,1,0,1,0,128.6,164.0
50.6,27.3,5.74,1,1,0,0,124.3,605.0
75.4,23.0,7.19,1,1,1,0,146.3,23.0
52.7,28.3,5.79,1,1,1,0,134.7,492.0
58.4,26.2,5.79,1,1,1,1,147.9,36.0
61.2,29.0,7.12,1,0,0,1,116.7,56.0
50.6,30.7,6.33,1,1,1,0,135.8,647.0
63.7,26.8,5.87,1,1,1,0,138.9,77.0
51.6,30.5,6.11,1,1,1,0,118.9,588.0
53.1,16.6,7.01,1,1,0,0,115.0,477.0
74.4,32.4,7.08,1,1,0,0,129.0,52.0
45.5,27.5,5.71,1,1,1,0,132.1,825.0
29.0,30.3,6.17,0,0,0,0,79.0,1588.0
77.3,21.1,6.25,1,1,1,0,155.6,0.0
88.6,22.7,5.61,1,1,1,1,135.8,0.0
53.1,26.6,6.17,1,1,1,0,143.8,573.0
34.8,25.9,6.2,1,1,1,0,129.3,1270.0
54.3,27.1,6.88,1,1,1,0,146.2,478.0
54.6,30.3,6.92,1,1,0,0,119.1,490.0
55.7,18.9,6.0,1,1,0,0,119.4,409.0
44.6,29.9,6.07,1,1,1,0,119.8,898.0
65.0,26.0,6.6,1,1,1,0,158.7,12.0
64.3,25.2,5.85,0,0,1,0,128.8,33.0
40.1,20.1,6.55,1,1,1,1,123.1,299.0
66.4,28.0,6.15,0,1,0,0,144.9,29.0
82.6,16.3,5.62,1,0,1,0,127.5,51.0
60.1,28.6,5.63,0,1,1,0,119.5,261.0
54.0,20.0,7.07,0,1,1,1,113.9,146.0
56.3,26.2,6.11,1,1,0,0,127.3,395.0
65.4,25.5,7.18,0,1,0,1,117.2,0.0
37.2,30.7,5.89,0,1,1,0,104.1,1201.0
60.0,25.3,6.37,1,1,1,0,142.6,236.0
53.3,23.2,7.64,1,1,1,0,117.8,529.0
80.2,24.0,5.57,1,1,1,0,154.4,0.0
55.9,31.1,5.06,0,1,1,0,117.2,413.0
78.0,28.1,6.97,1,1,0,0,131.2,76.0
44.8,24.5,5.7,0,1,0,0,109.1,851.0
65.0,25.1,6.19,1,1,0,0,143.7,46.0
61.8,19.7,5.85,0,0,1,0,119.1,140.0
47.6,27.6,6.36,1,1,1,0,138.1,755.0
60.1,19.0,5.63,1,1,0,0,124.9,198.0
72.6,29.0,6.09,1,1,1,0,152.4,52.0
54.1,26.5,6.47,0,1,1,1,131.7,174.0
37.7,35.5,5.6,0,0,0,0,79.6,1194.0
57.8,21.6,5.78,1,1,1,1,136.1,82.0
47.2,25.6,5.99,1,1,0,0,132.8,775.0
53.9,33.2,5.34,1,0,1,0,114.8,520.0
57.0,30.8,5.95,0,1,0,1,116.1,101.0
37.5,23.2,6.27,1,1,1,0,126.7,1180.0
38.6,26.9,5.96,1,1,1,0,122.3,1150.0
63.8,26.0,6.04,1,1,0,0,134.6,46.0
51.7,27.1,6.19,1,1,1,0,137.5,579.0
27.2,23.2,5.81,1,1,1,0,109.2,1557.0
67.4,25.6,6.61,1,1,1,0,140.1,0.0
61.3,19.6,7.06,0,1,1,0,117.3,159.0
49.4,26.5,5.92,1,1,0,0,126.4,666.0
42.2,27.8,6.49,1,1,1,0,135.3,953.0
68.0,25.1,6.06,1,1,1,0,154.0,0.0
62.2,19.5,6.42,1,1,1,0,125.1,91.0
86.6,30.0,7.14,0,1,0,0,115.6,46.0
63.0,27.5,6.51,1,0,0,0,123.3,52.0
62.7,23.1,5.14,1,1,0,0,129.6,71.0
56.0,24.9,6.47,1,1,1,0,141.1,331.0
67.8,20.0,6.94,1,1,1,0,138.0,10.0
65.5,21.9,6.07,1,1,1,0,146.3,0.0
73.0,23.8,6.8,1,1,1,1,144.8,1.0
51.7,30.9,5.79,1,0,1,0,130.5,641.0
52.8,23.4,5.31,1,1,1,0,130.8,554.0
52.3,28.6,6.28,1,1,1,0,144.2,513.0
67.5,23.8,5.15,1,0,1,1,137.5,7.0
76.0,27.0,6.06,0,1,1,0,141.5,0.0
52.5,25.4,6.97,1,0,1,0,114.4,498.0
52.9,29.5,5.05,0,1,1,0,121.3,537.0
61.8,23.9,5.43,1,1,0,0,126.9,165.0
55.1,19.7,5.58,1,0,1,1,126.2,140.0
69.4,20.5,6.16,1,1,0,0,129.2,0.0
31.0,23.9,5.98,1,1,1,0,110.8,1446.0
48.1,21.0,7.04,1,1,1,0,136.1,654.0
48.6,27.6,6.77,1,1,1,1,125.4,193.0
30.2,24.1,6.5,1,1,1,0,123.6,1441.0
46.4,35.5,6.29,1,1,1,1,124.8,258.0
47.0,19.0,6.44,1,1,1,0,123.7,751.0
55.6,26.8,5.68,0,1,0,0,114.6,404.0
71.4,21.5,6.71,0,1,0,0,111.2,0.0
55.1,24.0,5.53,1,1,1,0,135.6,416.0
45.6,26.6,6.7,0,1,1,1,110.8,261.0
57.3,16.7,6.91,1,1,1,0,126.1,327.0
70.6,26.9,6.33,1,1,1,0,156.3,6.0
46.3,33.6,6.09,1,1,1,0,127.6,856.0
47.1,24.2,6.44,1,1,1,0,123.7,772.0
64.7,27.0,4.48,1,1,1,0,141.2,13.0
55.3,30.1,6.38,0,1,1,0,124.7,442.0
65.8,25.3,6.13,1,1,0,0,137.3,31.0
57.8,23.7,6.17,0,0,0,0,115.0,275.0
66.4,16.9,6.62,0,0,1,0,115.3,45.0
45.6,28.6,6.16,1,1,0,0,114.1,807.0
57.9,25.5,5.52,1,0,1,0,142.0,293.0
55.5,21.9,6.12,0,0,1,0,116.7,375.0
43.4,26.5,6.24,0,1,0,0,108.1,972.0
39.2,23.7,6.27,1,1,0,0,113.0,1071.0
66.2,23.9,6.3,1,1,0,0,145.7,0.0
53.8,28.4,6.82,1,1,1,1,131.3,139.0
45.7,20.6,5.55,1,1,0,0,103.0,813.0
56.8,30.2,6.31,1,1,1,0,135.5,373.0
71.5,20.4,6.97,1,1,1,0,147.3,0.0
30.6,23.3,5.16,1,0,1,0,105.4,1357.0
40.0,33.7,6.31,1,1,1,0,118.7,1112.0
46.9,30.5,5.85,1,1,1,0,136.4,799.0
75.5,26.4,5.98,1,1,1,0,155.0,36.0
61.4,22.2,5.66,1,1,0,0,127.7,184.0
67.2,23.9,6.1,1,0,1,0,139.6,0.0
44.3,26.3,7.3,1,1,1,0,126.1,899.0
44.6,26.2,5.44,1,1,1,0,122.6,838.0
63.4,25.6,5.5,1,1,1,0,144.8,91.0
58.7,25.9,5.42,1,1,1,0,142.0,257.0
64.6,25.1,7.24,1,1,1,0,132.1,0.0
55.7,20.2,5.92,1,0,1,1,125.0,113.0
61.3,23.9,6.18,1,1,1,0,145.2,190.0
59.9,29.7,5.96,1,1,1,0,148.0,252.0
67.3,20.5,5.63,1,1,0,1,119.2,37.0
67.7,25.2,6.06,0,1,1,0,135.5,0.0
38.6,22.7,7.67,1,1,1,0,109.2,1135.0
31.0,26.4,7.04,1,1,1,0,120.1,1421.0
70.0,24.4,5.69,1,1,1,0,146.2,6.0
72.3,31.9,6.59,1,1,1,0,153.2,54.0
45.8,28.0,5.7,1,0,1,0,123.8,844.0
35.7,20.8,5.13,1,1,1,0,108.3,1237.0
59.2,28.7,6.81,1,1,1,0,140.5,251.0
69.2,22.9,6.9,1,1,1,0,140.9,22.0
79.6,23.7,6.83,1,1,1,0,149.7,43.0
64.2,27.3,5.92,1,1,1,0,140.2,35.0
53.5,24.0,6.1,0,1,1,1,121.4,99.0
47.3,29.6,6.65,1,1,1,0,131.4,788.0
58.1,22.9,6.43,1,1,0,1,137.4,79.0
54.4,23.5,5.96,1,1,1,0,125.1,442.0
45.8,23.4,5.23,1,1,1,0,132.1,820.0
82.6,23.7,6.27,1,1,1,0,147.2,0.0
79.4,30.4,6.85,1,1,1,0,130.6,31.0
71.6,28.5,5.48,1,1,1,0,125.5,22.0
46.9,32.8,6.58,1,1,1,1,116.0,281.0
68.3,35.1,6.4,0,0,1,0,118.2,71.0
65.7,21.9,6.65,1,0,1,0,134.6,0.0
63.3,26.3,6.72,1,1,1,0,150.2,51.0
73.0,21.3,5.78,1,1,1,0,140.3,3.0
65.6,22.9,5.23,1,1,1,0,133.9,0.0
66.9,23.5,5.88,1,1,1,1,144.6,0.0
65.6,21.8,6.73,1,1,1,0,143.4,16.0
62.1,21.8,5.87,1,0,1,0,134.8,139.0
36.6,25.4,5.78,1,1,0,0,107.2,1186.0
59.0,21.1,5.11,1,1,1,0,137.3,259.0
51.3,29.4,7.25,1,1,1,1,123.4,187.0
42.6,22.3,6.7,1,1,1,1,118.7,297.0
78.2,37.2,6.66,1,0,1,0,123.2,101.0
78.7,24.2,6.78,1,1,1,1,152.1,0.0
74.3,26.3,6.55,1,1,1,0,148.7,3.0
61.1,20.8,6.05,1,1,1,0,137.7,177.0
74.2,32.8,6.1,0,1,1,0,136.5,44.0
58.1,30.5,5.94,1,1,0,0,140.9,329.0
60.4,27.2,7.78,1,1,0,0,123.5,227.0
44.9,20.6,6.53,1,1,1,0,132.9,846.0
62.8,26.8,5.92,1,1,1,0,153.8,143.0
58.7,21.5,6.48,1,1,1,1,135.8,108.0
42.4,31.8,5.59,1,1,0,1,109.4,296.0
57.4,29.2,7.1,1,1,0,0,115.5,344.0
57.0,26.4,5.8,1,0,1,0,131.5,275.0
79.6,16.3,6.5,1,1,1,0,134.9,0.0
68.7,22.1,6.84,1,1,1,0,140.1,0.0
58.1,28.8,6.43,1,0,0,0,116.9,322.0
61.0,30.9,6.26,0,1,1,0,128.3,213.0
58.5,30.4,6.21,1,1,1,0,145.0,328.0
55.6,19.6,6.17,1,1,1,0,135.9,430.0
45.0,27.2,5.85,1,1,1,0,119.2,855.0
56.2,30.1,5.93,1,1,1,0,133.3,462.0
49.0,19.4,7.09,1,0,1,1,104.6,207.0
43.0,26.0,6.13,1,1,1,0,134.0,898.0
64.1,27.1,5.73,1,1,1,0,149.7,38.0
62.7,24.8,5.89,0,1,1,0,135.2,87.0
36.6,18.6,6.86,1,1,1,0,107.9,1208.0
56.5,24.7,6.61,1,1,0,0,130.6,333.0
69.9,24.7,6.54,1,1,1,0,145.6,0.0
70.7,25.4,6.05,1,1,1,0,144.1,0.0
70.3,23.7,6.54,1,1,1,0,151.6,0.0
58.5,24.2,5.81,1,1,1,0,146.4,293.0
47.9,25.8,6.04,1,1,1,0,141.6,740.0
45.0,27.8,6.78,1,1,1,0,124.0,889.0
62.1,24.8,6.72,1,1,1,0,151.3,114.0
62.6,24.4,5.61,0,1,1,0,127.6,131.0
73.4,26.4,5.69,1,1,1,0,151.9,0.0
71.2,18.3,6.27,1,1,1,0,140.1,0.0
56.4,27.9,7.24,0,1,1,0,119.3,351.0
43.1,26.0,5.05,1,1,1,0,108.4,927.0
54.2,26.2,6.37,1,1,1,0,139.7,492.0
60.6,29.8,5.37,1,1,1,0,137.6,203.0
55.6,18.2,5.82,0,1,1,0,116.3,383.0
51.1,18.1,5.98,1,1,1,0,139.6,578.0
61.0,27.1,5.95,1,1,0,1,127.9,69.0
52.0,26.0,5.88,0,0,1,1,113.0,154.0
50.5,26.7,6.2,1,0,1,1,124.7,173.0
61.7,24.2,5.88,0,1,1,0,128.6,105.0
53.2,28.7,5.32,0,1,1,0,124.4,507.0
60.9,29.7,6.67,0,1,0,0,125.5,235.0
61.3,27.9,6.65,1,0,1,0,130.1,178.0
44.3,25.0,6.71,1,1,0,0,113.2,851.0
52.2,17.6,5.28,1,1,1,0,116.2,569.0
75.3,29.1,6.38,1,1,1,0,155.5,14.0
44.1,30.9,6.61,1,1,0,0,120.3,955.0
32.6,28.6,5.58,0,1,1,0,101.5,1421.0
35.7,22.5,6.21,1,1,1,0,114.0,1232.0
58.3,28.7,6.13,1,1,1,1,135.3,55.0
58.4,29.4,7.31,1,1,0,0,123.0,365.0
56.6,32.2,7.35,1,0,1,0,121.9,413.0
72.6,22.5,5.2,1,0,1,1,118.4,0.0
25.9,25.1,7.7,1,1,0,0,90.3,1667.0
62.8,29.0,5.65,0,1,1,0,139.2,138.0
76.7,26.2,6.79,1,1,1,0,146.1,41.0
44.5,21.5,6.78,1,0,1,0,123.9,844.0
53.4,27.7,5.6,1,1,1,0,139.0,514.0
49.0,28.3,6.5,1,1,0,1,115.6,179.0
47.3,26.4,6.14,0,0,1,0,112.3,770.0
54.1,26.9,6.53,0,1,1,1,125.4,141.0
75.1,25.0,6.34,1,1,1,1,144.8,7.0
80.0,31.9,6.92,0,1,1,0,120.6,45.0
54.0,22.4,6.25,1,1,0,0,136.4,456.0
80.9,23.7,6.1,1,1,1,0,142.9,0.0
58.4,26.0,6.86,0,1,1,0,134.6,304.0
79.0,29.5,6.55,1,0,1,0,134.0,69.0
56.9,20.0,6.64,1,1,1,0,134.4,326.0
59.6,20.8,5.8,1,0,1,1,132.7,82.0
62.4,17.8,5.57,1,1,1,0,131.6,120.0
95.0,26.1,5.86,1,1,1,0,144.2,8.0
68.2,21.5,5.83,1,0,0,0,112.0,0.0
49.5,24.5,6.67,1,1,1,0,135.7,618.0
69.6,28.6,6.79,1,1,1,0,129.8,6.0
53.7,23.4,6.11,0,1,1,0,124.5,421.0
52.1,26.9,7.06,1,1,1,0,137.7,590.0
68.9,24.8,7.02,0,0,1,0,125.9,9.0
58.4,28.7,6.35,1,1,1,0,134.7,302.0
61.3,27.9,5.71,1,1,1,0,136.0,121.0
58.2,23.2,7.15,1,1,0,0,119.8,240.0
62.0,25.3,6.16,0,1,0,1,126.2,38.0
63.1,30.2,6.28,1,1,0,0,122.3,165.0
34.8,27.6,6.0,0,1,1,1,109.0,369.0
66.0,20.4,5.67,1,1,0,0,132.4,22.0
46.2,28.6,5.32,1,1,1,0,123.3,803.0
40.7,21.7,6.58,1,0,1,0,116.7,1022.0
57.3,31.7,5.73,1,1,1,0,136.3,401.0
59.0,30.1,8.04,1,1,1,0,122.9,279.0
49.7,27.2,5.55,1,1,1,0,120.3,641.0
68.0,26.6,5.45,1,1,1,1,146.3,39.0
41.9,25.2,6.51,1,1,1,0,122.7,973.0
53.1,28.7,7.12,1,1,1,0,127.3,553.0
51.0,24.5,6.24,1,1,0,0,130.1,571.0
57.4,26.9,6.54,1,0,1,0,141.5,368.0
61.3,29.5,5.09,1,1,1,0,135.3,194.0
45.9,23.8,5.79,1,1,1,0,132.8,813.0
66.7,23.5,5.56,1,0,0,0,115.6,3.0
58.8,21.2,5.06,1,1,1,0,132.9,248.0
35.3,21.7,6.27,0,0,1,0,98.1,1247.0
34.5,18.7,4.85,1,1,1,0,112.0,1270.0
57.9,28.9,5.41,1,0,1,0,123.8,349.0
55.3,33.2,5.88,0,1,1,0,118.3,460.0
56.8,31.7,5.7,1,1,1,1,140.6,80.0
57.7,19.5,6.44,1,1,1,0,135.9,265.0
60.7,28.9,6.38,0,1,1,1,124.4,19.0
69.4,31.7,6.74,0,1,1,0,143.6,62.0
44.7,24.2,6.65,1,0,1,0,113.0,824.0
43.9,26.4,6.88,1,1,1,0,127.0,904.0
44.9,18.0,6.2,1,1,1,0,127.4,848.0
61.5,27.1,6.38,0,0,1,0,126.5,160.0
72.9,21.7,6.51,0,1,1,0,130.9,11.0
52.8,26.8,6.28,1,1,1,0,139.2,529.0
28.0,19.8,5.96,1,1,1,1,108.7,398.0
37.6,28.2,6.0,1,1,1,0,117.2,1165.0
48.0,30.1,5.71,1,1,1,0,141.3,760.0
51.3,22.9,6.45,1,1,1,0,133.4,616.0
53.1,21.5,6.14,1,1,1,0,139.9,542.0
58.5,17.4,5.8,1,1,1,0,131.2,239.0
54.3,24.9,5.8,1,1,1,0,136.3,441.0
70.6,23.7,5.47,1,1,1,0,140.9,0.0
49.9,19.8,6.79,1,1,1,0,117.4,672.0
47.7,27.8,6.25,1,1,1,0,133.9,772.0
63.7,24.2,5.68,1,1,1,0,142.5,63.0
39.6,21.7,6.69,0,1,1,0,114.6,1071.0
62.7,23.8,5.86,1,1,1,0,138.0,131.0
59.2,30.3,5.36,1,1,1,0,131.6,311.0
56.2,28.4,6.81,1,0,0,1,111.3,147.0
77.1,25.5,5.88,1,1,0,0,147.2,15.0
50.5,28.5,5.95,1,1,1,0,129.5,625.0
82.7,21.4,6.22,1,1,1,1,149.1,19.0
55.3,26.1,6.89,1,1,1,0,143.8,436.0
42.7,26.6,6.21,1,0,1,0,122.2,943.0
58.8,24.1,5.48,1,0,1,0,121.4,252.0
45.1,27.7,6.53,1,0,1,1,112.9,285.0
49.0,22.9,5.91,1,1,1,1,137.4,243.0
62.8,28.0,7.33,1,1,0,0,119.9,95.0
64.7,28.2,6.2,1,1,1,0,152.4,28.0
50.5,14.3,4.86,1,1,1,0,114.5,618.0
69.8,30.8,6.41,1,1,1,0,147.6,53.0
71.9,14.0,7.37,1,1,1,0,130.9,0.0
75.2,23.5,7.15,1,1,1,0,135.8,47.0
64.4,30.1,7.3,0,0,0,0,98.8,71.0
74.4,24.7,5.59,0,1,1,0,137.2,13.0
35.4,20.1,6.75,0,1,1,0,97.6,1287.0
54.2,21.6,5.77,1,0,1,0,108.6,442.0
47.6,30.1,6.33,1,1,0,1,124.1,228.0
59.4,18.3,5.44,1,1,0,0,114.7,204.0
51.1,30.5,5.81,1,1,1,0,134.4,618.0
56.0,25.8,5.79,1,1,1,1,149.3,78.0
80.6,21.2,6.74,1,1,1,0,142.1,19.0
56.0,23.7,6.68,1,1,0,0,132.8,388.0
63.0,21.9,6.37,1,1,0,1,134.7,18.0
55.2,29.5,5.39,1,1,0,0,131.2,441.0
58.9,28.9,6.01,1,1,1,0,135.9,303.0
58.1,19.1,5.75,1,1,1,1,134.4,59.0
63.4,24.4,6.72,0,1,1,0,136.0,72.0
72.0,22.5,6.91,1,1,1,0,141.3,17.0
77.8,31.2,6.83,1,1,1,1,148.0,0.0
61.7,20.6,5.75,1,1,1,0,136.9,156.0
65.1,32.4,4.56,1,1,1,1,143.0,0.0
44.2,25.9,5.14,1,1,0,0,126.4,877.0
56.9,21.4,7.05,1,1,1,0,134.2,311.0
69.3,23.3,5.96,1,1,0,0,139.9,36.0
68.4,22.8,5.75,1,1,1,0,152.3,0.0
60.5,20.9,7.19,1,1,1,1,126.8,15.0
68.6,26.4,6.96,0,1,1,0,124.8,13.0
63.9,21.1,6.21,1,1,1,0,153.6,36.0
72.4,17.3,6.02,1,1,1,0,142.6,0.0
61.5,24.5,6.12,1,1,1,1,146.0,57.0
53.7,18.8,6.34,1,1,1,0,133.0,425.0
62.0,23.0,7.16,1,1,0,0,112.7,100.0
25.0,22.4,6.45,1,1,1,0,109.3,1666.0
62.6,22.5,6.64,1,1,0,0,127.2,121.0
25.0,34.0,6.9,1,0,0,1,86.6,555.0
37.3,26.2,5.5,1,0,0,1,107.5,379.0
63.4,27.0,6.65,1,0,1,0,140.8,77.0
63.7,18.9,6.02,0,1,0,0,120.1,0.0
44.1,23.4,4.69,1,1,0,0,97.5,888.0
49.5,26.9,4.92,0,1,0,0,106.0,701.0
74.4,21.9,5.59,1,1,1,0,146.4,31.0
52.2,29.6,6.52,1,1,1,0,141.8,581.0
84.9,21.2,6.27,1,1,0,0,145.4,0.0
58.0,24.9,6.31,0,1,1,1,121.2,75.0
62.9,23.7,7.37,1,1,1,0,135.5,137.0
77.4,26.7,5.44,1,0,1,0,131.9,0.0
59.6,23.4,6.18,1,1,1,0,145.9,198.0
46.0,24.9,6.38,1,1,1,0,133.0,822.0
56.7,25.1,5.76,1,1,0,0,128.1,339.0
57.6,23.1,6.22,1,1,0,0,137.8,281.0
41.6,27.9,5.24,1,0,0,0,94.4,1041.0
54.9,27.0,7.05,0,1,1,0,115.8,450.0
49.1,25.6,5.79,1,0,1,1,119.4,192.0
69.1,24.3,7.42,0,1,1,1,124.8,0.0
58.4,29.2,6.18,1,1,1,0,135.7,358.0
54.6,25.1,6.82,1,1,1,0,136.7,437.0
56.7,24.8,6.17,1,1,1,0,142.8,384.0
60.7,26.4,6.18,0,1,0,0,119.8,213.0
65.4,32.8,5.85,1,1,1,1,146.9,3.0
46.0,20.6,6.27,1,0,1,1,119.4,227.0
45.5,29.1,6.39,1,1,1,0,136.4,884.0
71.3,18.4,5.73,1,0,1,0,129.5,37.0
53.1,26.9,6.12,1,1,1,0,140.3,466.0
41.0,32.3,5.83,1,0,1,0,108.1,1073.0
63.3,28.0,7.58,0,1,1,1,123.6,25.0
63.6,26.7,6.15,1,1,1,0,154.7,45.0
39.6,23.8,7.13,1,1,0,0,105.7,1073.0
60.8,26.1,6.08,1,1,1,0,151.1,150.0
66.8,25.0,6.36,0,0,1,0,123.5,0.0
62.5,22.9,5.41,0,1,1,0,131.5,85.0
65.6,24.8,5.93,1,1,1,1,145.7,0.0
41.1,26.8,6.33,0,1,1,0,121.5,1015.0
62.0,22.9,7.15,1,1,0,0,127.4,101.0
54.4,22.8,6.33,0,1,0,0,123.6,485.0
52.2,20.6,7.03,0,1,1,0,107.6,550.0
68.4,27.6,6.58,1,1,1,0,138.8,63.0
75.8,28.2,7.18,1,1,1,0,137.8,18.0
79.5,26.9,6.16,1,1,1,0,143.3,0.0
73.8,29.9,7.63,1,0,1,0,118.2,78.0
56.7,26.4,5.91,1,1,0,1,135.2,93.0
62.2,27.6,5.74,1,1,1,0,144.4,131.0
67.2,27.2,5.47,1,1,1,1,142.1,23.0
59.5,25.6,7.6,0,1,1,0,119.6,204.0
59.6,23.9,6.69,1,1,1,0,137.6,245.0
67.9,34.9,6.0,1,1,0,0,139.4,84.0
